Close,High,Low,Open,Volume,Date,company
11.453756332397461,11.76873455871737,11.272405590983453,11.453756332397461,4218700,2024-05-06,C%26A
11.644651412963867,11.70192059181561,11.434665637524438,11.596927248964535,2300600,2024-05-07,C%26A
11.950085639953613,11.950085639953613,11.358307456663862,11.482389920239925,2649300,2024-05-08,C%26A
11.701921463012695,11.806913903417641,11.005150801379047,11.768734751428317,4225100,2024-05-09,C%26A
9.764326095581055,11.969174422791806,9.735691961796231,11.930995274324475,14221700,2024-05-10,C%26A
9.687968254089355,9.96476732105583,9.563886698434334,9.783416584876171,4893500,2024-05-13,C%26A
9.802506446838379,10.165207912970436,9.611609788542271,9.611609788542271,3814700,2024-05-14,C%26A
9.917044639587402,10.24156698045689,9.783417150808582,9.993402944528787,4359100,2024-05-15,C%26A
10.079305648803711,10.298835534520235,9.831140717788106,10.041126498667674,3881300,2024-05-16,C%26A
9.888409614562988,10.308381202938856,9.649789683523954,10.031582119344089,3164500,2024-05-17,C%26A
9.955223083496094,10.117484697513282,9.802506484482914,9.831140619232201,1720900,2024-05-20,C%26A
9.831140518188477,10.136573713075618,9.678423920744905,9.89795380200436,2273300,2024-05-21,C%26A
9.201184272766113,9.792961554192711,9.124825972598988,9.735692373935997,3063500,2024-05-22,C%26A
9.248907089233398,9.39207957795679,8.962563932312008,9.2107279409597,3159300,2024-05-23,C%26A
9.067557334899902,9.458893874237745,9.029378182531888,9.24890808108227,2233000,2024-05-24,C%26A
9.1725492477417,9.201184293064596,8.981653496902753,9.038922677285807,1394600,2024-05-27,C%26A
8.905295372009277,9.458893515479959,8.838482085465053,9.30617691180015,3895100,2024-05-28,C%26A
9.372990608215332,9.468438944820445,8.848027487675603,8.876661624552018,3964600,2024-05-29,C%26A
9.1725492477417,9.783416560689066,9.077101827453596,9.449348314023855,8270300,2024-05-31,C%26A
9.124825477600098,9.315721217662299,8.876660560387892,9.153459611043756,5677300,2024-06-03,C%26A
8.685766220092773,9.191640240348129,8.618952017606446,9.086647793959383,4344300,2024-06-04,C%26A
9.267997741699219,9.325266923092002,8.685765463809249,8.695309568822413,3791100,2024-06-05,C%26A
9.449348449707031,9.621155083060424,9.134370228734314,9.306176862087707,3356600,2024-06-06,C%26A
9.2202730178833,9.525706206136308,9.172548854653094,9.182093869351675,2125600,2024-06-07,C%26A
9.2202730178833,9.449347909073056,9.14391472082005,9.306176329645135,1908300,2024-06-10,C%26A
9.64024543762207,9.64024543762207,9.267998022930279,9.277543038495839,1877100,2024-06-11,C%26A
9.277543067932129,10.060216141535692,9.248908021144592,9.78341706109569,3064700,2024-06-12,C%26A
8.981653213500977,9.25845227104918,8.953019079344324,9.25845227104918,2367500,2024-06-13,C%26A
9.143915176391602,9.392080109342686,8.905295258614654,8.905295258614654,2573500,2024-06-14,C%26A
9.163005828857422,9.229819119087141,8.886206741853542,9.048467459516745,3062700,2024-06-17,C%26A
9.124825477600098,9.296631188524733,9.048466271312527,9.115280463031315,1101800,2024-06-18,C%26A
8.953019142150879,9.124825768821461,8.895749963173111,9.019832425739342,1395100,2024-06-19,C%26A
8.86711597442627,9.516162432273209,8.86711597442627,9.067556738745898,9391200,2024-06-20,C%26A
9.210728645324707,9.23936369141679,8.867116284584615,8.876661299948642,2442900,2024-06-21,C%26A
9.64024543762207,9.678424589621528,9.315722190495295,9.315722190495295,2223300,2024-06-24,C%26A
9.487527847290039,9.726147773039678,9.477983742059765,9.544797029985574,1250500,2024-06-25,C%26A
9.09619140625,9.39208051767311,9.09619140625,9.39208051767311,1529900,2024-06-26,C%26A
9.372990608215332,9.392080639641474,9.16300572410456,9.201184876694047,1939500,2024-06-27,C%26A
8.914839744567871,9.449347818910535,8.895749715352858,9.25845207807387,1597200,2024-06-28,C%26A
8.933929443359375,9.048466895295203,8.76212372058701,8.933929443359375,1954600,2024-07-01,C%26A
8.762124061584473,9.201184766223543,8.733489014789054,8.943474806641511,3229800,2024-07-02,C%26A
9.163005828857422,9.3539015939872,8.848027588827586,8.848027588827586,3434600,2024-07-03,C%26A
9.563886642456055,9.67842409257219,9.258452531883622,9.258452531883622,2003900,2024-07-04,C%26A
9.53525161743164,9.821595698460007,9.401625047144414,9.563886662718396,1839600,2024-07-05,C%26A
9.411169052124023,9.544796531256193,9.191639168831243,9.535251516261882,5497000,2024-07-08,C%26A
9.487527847290039,9.611610317911385,9.372990392161745,9.411169543871177,1530600,2024-07-09,C%26A
9.821596145629883,10.060216072307249,9.573431203422354,9.573431203422354,2911700,2024-07-10,C%26A
10.499277114868164,10.499277114868164,10.02203724601052,10.02203724601052,2671800,2024-07-11,C%26A
10.060215950012207,10.680627387726338,9.983857647224708,10.508821661585847,2566400,2024-07-12,C%26A
10.0697603225708,10.232021933201116,9.99340202465803,10.022036158809641,1429100,2024-07-15,C%26A
9.687968254089355,10.19384313289164,9.640244998958691,10.146118967498232,1952400,2024-07-16,C%26A
9.411169052124023,9.812050579257802,9.325266647963412,9.707058145108567,2370500,2024-07-17,C%26A
8.800302505493164,9.363445636803915,8.704854177715415,9.363445636803915,4583000,2024-07-18,C%26A
8.87666130065918,9.019832890079988,8.781212967536797,8.87666130065918,1837700,2024-07-19,C%26A
8.972108840942383,9.115281342499744,8.809847218668374,8.972108840942383,2302300,2024-07-22,C%26A
8.513958930969238,8.962564641373044,8.513958930969238,8.962564641373044,3005900,2024-07-23,C%26A
8.218070030212402,8.523504158428063,8.218070030212402,8.513959142801339,3298400,2024-07-24,C%26A
8.01762866973877,8.29442773092525,7.950815385740809,8.141711133065499,2073700,2024-07-25,C%26A
8.141711235046387,8.208525430143968,7.969905515433536,8.036718800268382,2119900,2024-07-26,C%26A
8.01762866973877,8.456689343716919,7.9317262661397026,8.189435297462353,1787300,2024-07-29,C%26A
7.931726932525635,8.055808496014382,7.779009411572559,7.988995206403087,1625200,2024-07-30,C%26A
8.055808067321777,8.198980564922037,7.931726510436072,8.036718947132726,1863600,2024-07-31,C%26A
8.046263694763184,8.294427710544127,7.979449500666675,8.151256127968095,2732500,2024-08-01,C%26A
8.552138328552246,8.590317480945938,8.103532605229265,8.122622636557509,3278100,2024-08-02,C%26A
8.313518524169922,8.389876830111326,7.855367778258691,8.036719437566632,2386300,2024-08-05,C%26A
8.284884452819824,8.513959372463727,8.10353279207129,8.323063606093807,1835500,2024-08-06,C%26A
8.857571601867676,8.895750754494841,8.351697601992027,8.4948691967782,2816900,2024-08-07,C%26A
8.256248474121094,9.306176436150896,8.01762856550184,9.24890725756668,8733800,2024-08-08,C%26A
8.1703462600708,8.437600309014462,7.969905495797372,8.437600309014462,6458600,2024-08-09,C%26A
8.87666130065918,8.96256461841677,8.17989065349643,8.246704850787204,5036600,2024-08-12,C%26A
8.513958930969238,8.848027187490475,8.437600628380858,8.848027187490475,4500900,2024-08-13,C%26A
8.437600135803223,8.68576505985925,8.437600135803223,8.542592568167212,2549200,2024-08-14,C%26A
8.685766220092773,8.733489480102216,8.22761545984686,8.494869539003654,3299100,2024-08-15,C%26A
8.857571601867676,8.95301993856699,8.647586717549663,8.733489128263686,3088500,2024-08-16,C%26A
9.105735778808594,9.191639092518734,8.790757568713227,8.828936718110764,2333900,2024-08-19,C%26A
9.201184272766113,9.239363422849676,8.972108462001994,9.067556792342272,1812400,2024-08-20,C%26A
9.439805030822754,9.72614822687321,9.210729199614441,9.210729199614441,3272300,2024-08-21,C%26A
9.010287284851074,9.468437979477512,8.972108136154096,9.411168801300692,2148900,2024-08-22,C%26A
9.869319915771484,9.888409035800677,9.019832683297862,9.0389227135898,3451200,2024-08-23,C%26A
9.64024543762207,9.917044517183829,9.411169615362546,9.897954486052708,2395100,2024-08-26,C%26A
10.117485046386719,10.289290771069426,9.563886900743274,9.563886900743274,2543500,2024-08-27,C%26A
9.897953987121582,10.18429806781501,9.81205067188728,10.069760617590187,2115700,2024-08-28,C%26A
9.70705795288086,9.878864578325278,9.6688788039224,9.869319563519985,1571800,2024-08-29,C%26A
9.70705795288086,9.859774548714693,9.392079746407898,9.611609625353356,2357300,2024-08-30,C%26A
9.306177139282227,9.630700385165909,9.287087108224231,9.49707289854828,2102800,2024-09-02,C%26A
9.506617546081543,9.792961629027799,9.344355929420757,9.372990064636559,3313500,2024-09-03,C%26A
9.678424835205078,9.859775584238456,9.563887376300396,9.592521513460865,2019900,2024-09-04,C%26A
9.831140518188477,9.84068553309438,9.573430577305409,9.573430577305409,1502700,2024-09-05,C%26A
9.754782676696777,10.10794005240405,9.659334343689292,9.878865145501402,2841500,2024-09-06,C%26A
9.487527847290039,9.917044441849612,9.382535407654798,9.754782819518836,1653000,2024-09-09,C%26A
9.582976341247559,9.6784246772417,9.35390142717697,9.468438884212265,1213500,2024-09-10,C%26A
9.554341316223145,9.735692045435266,9.50661715266331,9.573430435489453,1341400,2024-09-11,C%26A
9.497072219848633,9.592520547791922,9.325266503918515,9.55434139866715,1127400,2024-09-12,C%26A
10.060215950012207,10.136574252799708,9.582976102458948,9.582976102458948,2443600,2024-09-13,C%26A
10.346559524536133,10.594724451349046,9.964767119378715,10.10793961266127,2756600,2024-09-16,C%26A
10.203387260437012,10.413373042477051,10.08884980939592,10.308380606588404,1833800,2024-09-17,C%26A
10.298835754394531,10.690172279209401,10.00294665182613,10.098394984335359,2495300,2024-09-18,C%26A
10.260656356811523,10.57563457215309,10.203387176629994,10.413372956945285,3128500,2024-09-19,C%26A
9.869319915771484,10.346559749917008,9.80250663027519,10.260656434128775,2235000,2024-09-20,C%26A
9.69751262664795,9.897953379808545,9.640244360180741,9.75478180337784,979200,2024-09-23,C%26A
9.878865242004395,10.012491817204905,9.668879453494311,9.907499378081251,1652000,2024-09-24,C%26A
9.802506446838379,10.041126359445785,9.659333953116297,10.002946299576381,1200500,2024-09-25,C%26A
9.945677757263184,10.193842678025174,9.840685326292821,9.840685326292821,1643400,2024-09-26,C%26A
9.983858108520508,10.15566475286195,9.840686511744515,9.926588923652423,1380700,2024-09-27,C%26A
10.0220365524292,10.079305733244404,9.697513318422786,9.983857401973312,1310800,2024-09-30,C%26A
9.831140518188477,10.28929031051919,9.812050488376668,9.974312100726143,2433000,2024-10-01,C%26A
9.93613338470459,10.422918242982906,9.850230067330445,9.983857551052756,3120000,2024-10-02,C%26A
9.582976341247559,9.840686302274067,9.458893868560292,9.783417118625023,2332500,2024-10-03,C%26A
9.497072219848633,9.640244711763566,9.411168906752216,9.544796383820277,1258700,2024-10-04,C%26A
9.18209457397461,9.792961907620551,9.163005453375272,9.649789406943041,1908500,2024-10-07,C%26A
9.296630859375,9.296630859375,9.115280140302353,9.191638433623748,1840800,2024-10-08,C%26A
9.401625633239746,9.439804785739426,9.20118485505073,9.20118485505073,1510000,2024-10-09,C%26A
9.812050819396973,9.831140849852803,9.315721860961164,9.439804328135804,2116800,2024-10-10,C%26A
10.518365859985352,10.79516491365535,9.821595263342644,9.821595263342644,6482800,2024-10-11,C%26A
11.119688034057617,11.310584700433713,10.394284160826961,10.680627339865573,5861500,2024-10-14,C%26A
11.119688034057617,11.434666259210303,10.966971429166952,11.186502231394357,4676600,2024-10-15,C%26A
11.797369003295898,11.921451476041089,11.062420092743984,11.110144260763333,4315800,2024-10-16,C%26A
11.692376136779785,11.930996057938556,11.396487034027293,11.701921152089199,3665300,2024-10-17,C%26A
11.587384223937988,11.806914124420079,11.425122597380442,11.787825003199497,2683200,2024-10-18,C%26A
11.406031608581543,11.730554834459193,11.348763339463561,11.530114072020805,2389000,2024-10-21,C%26A
11.09105396270752,11.463301371990433,11.062419826689686,11.31058476621163,2418100,2024-10-22,C%26A
10.861978530883789,11.052874278913006,10.756986097033401,10.976515979701318,2300300,2024-10-23,C%26A
11.425122261047363,11.453756397166703,10.699717470763739,10.833344956425282,2823700,2024-10-24,C%26A
12.322332382202148,12.59913144982532,11.654196795897539,11.654196795897539,7040800,2024-10-25,C%26A
11.950085639953613,12.541862912980635,11.91190558014923,12.350966255009633,4038600,2024-10-28,C%26A
11.892817497253418,12.102803293169174,11.721010854207545,11.950086681689644,2046100,2024-10-29,C%26A
12.59913158416748,12.866385639486454,11.787824402954904,11.787824402954904,5623200,2024-10-30,C%26A
12.436869621276855,12.799571998577235,12.236428857775664,12.55140707038286,3123500,2024-10-31,C%26A
12.140981674194336,12.599131479506736,12.11234662866525,12.599131479506736,2002500,2024-11-01,C%26A
12.818662643432617,12.914110067134585,12.312787747787372,12.408236081752113,4070200,2024-11-04,C%26A
12.885476112365723,13.1909093289303,12.62776615319227,12.7900277770579,2964700,2024-11-05,C%26A
13.181364059448242,13.200453178666207,12.494138472610056,12.618220933446306,2195000,2024-11-06,C%26A
12.026443481445312,13.458162900176292,11.940540170679423,13.257722145143447,7627000,2024-11-07,C%26A
12.179161071777344,12.293698525429646,11.787824544232956,11.930996133732641,3180500,2024-11-08,C%26A
12.847296714782715,12.990468304745649,12.121891929041576,12.179161111184412,4291300,2024-11-11,C%26A
12.350966453552246,12.885475465990417,12.26506404839968,12.790027135470577,1595200,2024-11-12,C%26A
12.522772789001465,12.694579415779584,12.312787012968508,12.446414490491794,2720000,2024-11-13,C%26A
11.024240493774414,11.453756168022714,10.833344739693255,10.99560635822793,63226600,2024-11-14,C%26A
11.44421100616455,11.511025201934205,10.947882051910991,11.167411938726687,8486200,2024-11-18,C%26A
11.826004028320312,11.940541485196531,11.36785329055264,11.46330162641422,7243900,2024-11-19,C%26A
11.701921463012695,11.797368887854613,11.396487336835316,11.768734751428317,3263500,2024-11-21,C%26A
11.883271217346191,12.035987812579965,11.406031402109294,11.787823800456437,5679300,2024-11-22,C%26A
11.997809410095215,12.179161060913332,11.8260036849014,11.883271956545082,3447100,2024-11-25,C%26A
12.055078506469727,12.150525928619578,11.778279434788464,12.112346777707085,7231300,2024-11-26,C%26A
11.39648723602295,12.245974498099402,11.291494796546758,12.083712876014431,5633000,2024-11-27,C%26A
9.907498359680176,11.367851893167554,9.659333445155799,11.3105836269005,11251800,2024-11-28,C%26A
10.088850021362305,10.098395036715289,9.372990254618237,9.926588401412628,14865400,2024-11-29,C%26A
9.859774589538574,10.174752797315685,9.687967963382798,10.09839449908261,4018600,2024-12-02,C%26A
9.93613338470459,10.136574155156675,9.63070017649675,9.878865113297001,4554800,2024-12-03,C%26A
9.754782676696777,10.127029172847887,9.62115519253885,9.917044296651843,5572900,2024-12-04,C%26A
9.792962074279785,10.241566884020584,9.678424617946213,10.022036986946931,7256000,2024-12-05,C%26A
9.602065086364746,10.012490691532765,9.516161777529238,9.821594955377561,4977300,2024-12-06,C%26A
9.726147651672363,10.050670892284367,9.61161019797332,9.70705853118724,2896800,2024-12-09,C%26A
10.270201683044434,10.298835818871366,9.850230109689868,9.888409260880032,3728900,2024-12-10,C%26A
10.403827667236328,10.737895903907422,10.107939489853555,10.356104413651355,4552800,2024-12-11,C%26A
9.783416748046875,10.365649026821412,9.611610113870261,10.356104921793747,3814300,2024-12-12,C%26A
9.458892822265625,10.022035939760887,9.392079540617948,9.792961051029398,4484000,2024-12-13,C%26A
9.420714378356934,9.60206602818937,9.277542789763125,9.468438544642456,2711300,2024-12-16,C%26A
9.563886642456055,9.687968197384814,9.182094231806198,9.54479661230533,6142100,2024-12-17,C%26A
9.019832611083984,9.5734307414396,8.828936861006659,9.449348276323652,4674700,2024-12-18,C%26A
9.201184272766113,9.201184272766113,8.762123591673767,9.067556792342272,7579400,2024-12-19,C%26A
9.306177139282227,9.516162929606276,8.943474741545336,9.163005547398383,5127000,2024-12-20,C%26A
8.752578735351562,9.287086846216972,8.752578735351562,9.21072854466477,2696000,2024-12-23,C%26A
8.399420738220215,8.886205557097522,8.399420738220215,8.809846350963417,3632900,2024-12-26,C%26A
8.084443092346191,8.523503778725699,7.884002324428096,8.494868733121148,4956800,2024-12-27,C%26A
7.683561325073242,8.18943528210042,7.61674758606925,8.132167013141801,5347400,2024-12-30,C%26A
7.448916435241699,7.9175901717839405,7.299340176187819,7.8876746346783655,7282600,2025-01-02,C%26A
7.419001579284668,7.568578317976198,7.3591709789063255,7.448916641728167,5051000,2025-01-03,C%26A
7.7680134773254395,7.7680134773254395,7.5087475482016215,7.598493208998815,5081300,2025-01-06,C%26A
8.037251472473145,8.206770781091087,7.847787205398343,7.907617801347134,5991200,2025-01-07,C%26A
7.678267478942871,8.077139097279984,7.618436878839707,7.927561883785059,5756000,2025-01-08,C%26A
7.678267478942871,7.768013616843288,7.578549812104264,7.64835241663696,2780600,2025-01-09,C%26A
7.698210716247559,7.867730981099336,7.608465057289983,7.718154248848278,5252400,2025-01-10,C%26A
7.758041858673096,7.837815989786843,7.468859920148772,7.73809832589466,3438000,2025-01-13,C%26A
7.967448711395264,8.107053916270717,7.807900449241978,7.947505178626103,6717200,2025-01-14,C%26A
8.336404800415039,8.336404800415039,7.987393193974872,8.057195325066363,5464500,2025-01-15,C%26A
7.777985572814941,8.296517437145177,7.758042039571471,8.296517437145177,5833700,2025-01-16,C%26A
7.967448711395264,8.01730778106383,7.7380983222955795,7.877703051679704,4282900,2025-01-17,C%26A
8.117026329040527,8.196800464133279,7.8677314436386485,7.907618511185024,1629200,2025-01-20,C%26A
8.236687660217285,8.246659665005174,7.987393246416394,8.067167382754063,3494700,2025-01-21,C%26A
8.615614891052246,8.695389023757878,8.316461417914791,8.326433422248664,4465300,2025-01-22,C%26A
8.595670700073242,8.695388839331631,8.336404298787555,8.67544483108689,4987000,2025-01-23,C%26A
8.765191078186035,8.944683350750838,8.476009611822002,8.476009611822002,4380500,2025-01-24,C%26A
9.283723831176758,9.363497962726454,8.665472885192626,8.675444889382003,4658500,2025-01-27,C%26A
9.473187446594238,9.662650777093738,9.174033968610514,9.223893040104915,3554800,2025-01-28,C%26A
9.223893165588379,9.60282078272507,9.203949156326221,9.60282078272507,4696400,2025-01-29,C%26A
9.822199821472168,9.971776082313806,9.22389287614027,9.263779942430219,7000600,2025-01-30,C%26A
9.762368202209473,9.96180352253897,9.702537130619314,9.742425145667834,3234900,2025-01-31,C%26A
9.722481727600098,9.931889064387715,9.612792532514272,9.662650652382489,2088300,2025-02-03,C%26A
9.552961349487305,9.782312692420021,9.293694944774728,9.742425626385984,3480800,2025-02-04,C%26A
9.443272590637207,9.672622993152123,9.263780309724517,9.672622993152123,2011300,2025-02-05,C%26A
9.672622680664062,9.74242576042097,9.373469205801735,9.373469205801735,2259900,2025-02-06,C%26A
9.622763633728027,10.001691242702531,9.562933509195712,9.941861118170216,4544000,2025-02-07,C%26A
9.752396583557129,10.041578047199966,9.682594456431062,9.692566460586974,1788100,2025-02-10,C%26A
9.842143058776855,9.991720273331437,9.65267972818695,9.692566795204966,2270500,2025-02-11,C%26A
9.34355354309082,9.722481126764691,9.313638482822062,9.682594062745475,2774200,2025-02-12,C%26A
9.403385162353516,9.483159295038753,9.243836896983039,9.363498096010897,2282200,2025-02-13,C%26A
10.270929336547852,10.350703467431192,9.582876268950729,9.612792281268971,4921800,2025-02-14,C%26A
10.609970092773438,10.749574349281628,10.27092955385468,10.27092955385468,2497700,2025-02-17,C%26A
10.310816764831543,10.649857308508045,10.131324488536293,10.590026232748732,3610600,2025-02-18,C%26A
10.021635055541992,10.231042389275084,9.991719993860883,10.171211314930202,2753800,2025-02-19,C%26A
9.971776008605957,10.191155347070435,9.892001876615723,10.081465202346862,3055900,2025-02-20,C%26A
9.762368202209473,9.99171953382536,9.513073814051946,9.892001398169302,4639500,2025-02-21,C%26A
9.164061546325684,9.872057666517135,9.114203428087002,9.822199548278453,2699300,2025-02-24,C%26A
9.144118309020996,9.333581627149059,9.074316184076334,9.17403336957119,2412200,2025-02-25,C%26A
8.924738883972168,9.313638470898624,8.924738883972168,9.263779403192778,3737100,2025-02-26,C%26A
9.832170486450195,10.211098076728913,9.074316256875397,9.383440770666827,11464600,2025-02-27,C%26A
9.842143058776855,10.43047801052962,9.692566795204966,9.692566795204966,9373900,2025-02-28,C%26A
9.632735252380371,9.95183177306096,9.503102053108222,9.95183177306096,3135300,2025-03-05,C%26A
9.612792015075684,10.20112597630276,9.582876003585863,9.712509200427206,5314500,2025-03-06,C%26A
10.49030876159668,10.54016688058776,9.77234062652971,9.892001823877093,6657400,2025-03-07,C%26A
10.39059066772461,10.739603208105786,10.260957465611106,10.310816535805941,3568400,2025-03-10,C%26A
10.33076000213623,10.450421204749851,9.862087196311895,10.420506141842122,6512100,2025-03-11,C%26A
10.400562286376953,10.570082548165116,10.201126012991375,10.31081615354997,3514000,2025-03-12,C%26A
10.13132381439209,10.360675146728482,10.001690618025021,10.310816078743821,3323100,2025-03-13,C%26A
10.759546279907227,10.759546279907227,10.191155351484932,10.231042417497326,3811800,2025-03-14,C%26A
10.819376945495605,11.068671336396585,10.679771744237309,10.779489880990754,2512200,2025-03-17,C%26A
10.77949047088623,10.909122724384005,10.550139124195367,10.71965939536345,3107600,2025-03-18,C%26A
11.068672180175781,11.11853030137062,10.689744563002233,10.82934882392011,4029100,2025-03-19,C%26A
10.300844192504883,10.958981234661804,10.270929131765742,10.909122166108146,5418500,2025-03-20,C%26A
10.340731620788574,10.460392818935723,10.151268294801254,10.280901497206333,3211700,2025-03-21,C%26A
10.300844192504883,10.49030846281226,10.201126055397564,10.420505386444084,2293900,2025-03-24,C%26A
10.719658851623535,10.939038182769108,10.360675269643844,10.400562334308255,2207600,2025-03-25,C%26A
11.088614463806152,11.307993795471875,10.749573937863483,10.749573937863483,4272600,2025-03-26,C%26A
11.238191604614258,11.417682919495817,10.978925209695456,11.1683885284545,3237400,2025-03-27,C%26A
11.008840560913086,11.22821989709489,10.749574159151196,11.22821989709489,2413100,2025-03-28,C%26A
10.590025901794434,10.939038439020766,10.48033670914345,10.919094430730047,2898700,2025-03-31,C%26A
11.048727989196777,11.218248261222758,10.59002624447636,10.59002624447636,4005100,2025-04-01,C%26A
11.627090454101562,11.816554727234108,10.998868463316146,10.998868463316146,4710600,2025-04-02,C%26A
12.015990257263184,12.245340648544644,11.397740260046554,11.487486396107183,5397200,2025-04-03,C%26A
11.288049697875977,11.666977285565656,11.028784254494726,11.666977285565656,4512700,2025-04-04,C%26A
10.889179229736328,11.32793694570043,10.570082709035164,11.038755486069338,4039000,2025-04-07,C%26A
10.799433708190918,11.29802252556255,10.679772506139651,11.088615184227157,3075500,2025-04-08,C%26A
11.577231407165527,11.71683661127059,10.5102516966664,10.570082770135041,4047500,2025-04-09,C%26A
11.666977882385254,11.756724019716188,11.2581352131956,11.537344678571978,2979100,2025-04-10,C%26A
12.015990257263184,12.12567945079136,11.676949721470882,11.806582923449271,4056000,2025-04-11,C%26A
12.3849458694458,12.604325207745164,12.135651469418281,12.155594526909496,3596700,2025-04-14,C%26A
12.414860725402832,12.42483272947449,12.115707260131618,12.365001656027188,3019200,2025-04-15,C%26A
12.315143585205078,12.624268104759386,12.145623319262658,12.255312511526661,2739500,2025-04-16,C%26A
12.684099197387695,12.833675455333223,12.265284533961026,12.365001722263827,2834400,2025-04-17,C%26A
12.624268531799316,12.793788803476083,12.514579335824866,12.5943534694395,2456200,2025-04-22,C%26A
12.88353443145752,13.053054696422695,12.644212040088792,12.743929227667772,4547200,2025-04-23,C%26A
13.392095565795898,13.451925689663241,12.803760625531892,12.883534758010128,3745700,2025-04-24,C%26A
13.382123947143555,13.621446351475187,13.192659663810653,13.332264875162123,3705800,2025-04-25,C%26A
13.382123947143555,13.591531288679407,13.26246274497774,13.372151942550728,2276700,2025-04-28,C%26A
13.053054809570312,13.43198240801344,13.003195739857306,13.272434145717945,4764500,2025-04-29,C%26A
13.27243423461914,13.50178462545948,12.793788493543945,12.993223822749167,2641300,2025-04-30,C%26A
13.210000038146973,13.279999732971191,12.899999618530273,13.279999732971191,3227900,2025-05-02,C%26A
12.770000457763672,0.0,0.0,0.0,0,2025-05-05,C%26A
35.64927673339844,35.826813650032136,35.25869822579233,35.39184837359132,22977200,2024-05-06,PETR4
36.0842399597168,36.0842399597168,35.507245859997894,35.640399386466825,23808600,2024-05-07,PETR4
36.63460159301758,36.68786368124556,35.78242849877906,35.817933171362846,25352000,2024-05-08,PETR4
36.98966979980469,37.14057734759856,36.34166300335961,36.44818717341458,27206400,2024-05-09,PETR4
36.90978240966797,37.36249828865159,36.83876629503187,37.14057800976585,27968700,2024-05-10,PETR4
36.94528579711914,37.25597620850533,36.84764033600447,37.05180996537221,18394300,2024-05-13,PETR4
36.27952575683594,36.66122890229165,35.6492729859615,36.1818802936401,53613200,2024-05-14,PETR4
34.086952209472656,34.450901288881134,33.288037944315356,33.37680469100647,131281100,2024-05-15,PETR4
33.09274673461914,34.308872147787056,33.05724206800891,33.998181764748864,83168500,2024-05-16,PETR4
32.56901931762695,33.217026133730954,32.409236443931746,33.15488872576446,67207900,2024-05-17,PETR4
32.62228012084961,33.05724534573751,32.515759337988456,32.60452609266698,40400400,2024-05-20,PETR4
32.560142517089844,32.924091627031366,32.462497055797186,32.6577879783825,27967400,2024-05-21,PETR4
33.00398254394531,33.2525321606314,32.32046771182401,32.400359143792336,36528800,2024-05-22,PETR4
32.675540924072266,33.47445184355474,32.462495980469576,33.23477755183965,47987800,2024-05-23,PETR4
32.49800491333008,33.01285817940666,32.46249685739801,32.90633739784506,23684700,2024-05-24,PETR4
32.85307693481445,32.915217728878694,32.5690192458126,32.59565198219292,13623300,2024-05-27,PETR4
33.55434799194336,33.98931326093181,33.208152872868354,33.2347822247249,46437700,2024-05-28,PETR4
33.50996780395508,33.66087199383822,33.23478539234809,33.47445974060541,29246800,2024-05-29,PETR4
34.43314743041992,34.521914177544446,33.64311186781489,33.669741214705375,53929400,2024-05-31,PETR4
34.246742248535156,34.557429313380176,34.12246403636211,34.46866254806304,43454500,2024-06-03,PETR4
33.86503601074219,34.11358564022046,33.46557883034159,34.08695629027199,34090200,2024-06-04,PETR4
33.909420013427734,34.113586268004205,33.79402051780284,33.962678714304765,18627100,2024-06-05,PETR4
34.0692024230957,34.37101414013662,33.97155695784206,33.98043227912205,25944100,2024-06-06,PETR4
32.79093933105469,34.149093746354076,32.719926602345915,33.92717346650771,46003600,2024-06-07,PETR4
33.28804016113281,33.78514277991683,32.95072040602099,33.01285781008968,32560900,2024-06-10,PETR4
33.43006896972656,33.731880669056984,33.28804013393781,33.56322248475614,31131300,2024-06-11,PETR4
32.70265579223633,33.82561090103202,32.5109325137689,33.7343150968223,52182400,2024-06-12,PETR4
32.373985290527344,33.04045441214667,31.817071830386237,32.775695187133614,46233500,2024-06-13,PETR4
31.661865234375,32.41050190107879,31.177991250037795,32.40137371462641,53534900,2024-06-14,PETR4
31.780553817749023,32.072704553796605,31.287548144651918,31.4153636563338,40941800,2024-06-17,PETR4
32.775691986083984,32.994803287640835,31.789680680944116,31.85358843412414,36180700,2024-06-18,PETR4
32.80308151245117,32.9765449242589,32.474411062532106,32.77569346919508,20776200,2024-06-19,PETR4
33.3234748840332,33.67953337350548,33.04958400618618,33.06784386240418,39442900,2024-06-20,PETR4
33.4969367980957,33.74343962196288,33.213917746134776,33.369121292989306,43340200,2024-06-21,PETR4
33.834739685058594,33.834739685058594,33.30521431421671,33.633884753675616,24599400,2024-06-24,PETR4
33.807350158691406,33.88951777341398,33.5608473145237,33.82561001559771,18572600,2024-06-25,PETR4
33.86212921142578,33.88951725501049,33.51519890093615,33.597366514401806,25553200,2024-06-26,PETR4
34.42816925048828,34.656412223746955,34.07211076943857,34.24557417533906,37731000,2024-06-27,PETR4
34.738582611083984,34.8481382718489,34.42817200332367,34.51033961957527,22019700,2024-06-28,PETR4
35.26810836791992,35.386792217112486,34.85727028264493,34.975957614549195,24963500,2024-07-01,PETR4
35.15854263305664,35.697196136624115,35.094634885405505,35.45069681437604,33346200,2024-07-02,PETR4
34.54685592651367,35.41417990524,34.473816504733584,35.33201229709306,38509400,2024-07-03,PETR4
34.072113037109375,34.65641453030598,33.889517949807534,34.60163844201355,32698800,2024-07-04,PETR4
34.25470733642578,34.37339466284847,33.88038898328794,34.190799579746994,32758800,2024-07-05,PETR4
35.09463882446289,35.16767824866852,34.044723221842744,34.218186630263965,48845900,2024-07-08,PETR4
35.08551025390625,35.332013083835996,34.93943488980471,35.10377010975787,34832500,2024-07-09,PETR4
34.756839752197266,35.20419751298794,34.67467214236679,35.140289758976614,32899700,2024-07-10,PETR4
34.99421691894531,35.10377257905006,34.793361973160245,34.83900987464459,17229400,2024-07-11,PETR4
34.82987976074219,35.15854672287549,34.82074809132347,35.08551078108302,15779100,2024-07-12,PETR4
35.14942169189453,35.35940483212849,34.87553079083771,34.96682659695273,22969200,2024-07-15,PETR4
35.05812072753906,35.14941652022137,34.793358052964614,35.012469348486654,19637000,2024-07-16,PETR4
35.24071502685547,35.32288263968193,35.00334385797433,35.08551147080079,24606100,2024-07-17,PETR4
35.17680740356445,35.2954947298097,35.01247217728997,35.14941936008922,21315500,2024-07-18,PETR4
35.32288360595703,35.39592303389481,35.0489927166136,35.14942018867223,30593100,2024-07-19,PETR4
34.61989212036133,35.23158509278162,34.58337589191387,35.23158509278162,25807800,2024-07-22,PETR4
34.172542572021484,34.692936338481765,34.172542572021484,34.619896906067495,25284700,2024-07-23,PETR4
34.44643020629883,34.692933043215476,34.236447082120534,34.38252245036245,23863800,2024-07-24,PETR4
34.400779724121094,34.464687475259645,34.026461403433345,34.291224076842326,19562600,2024-07-25,PETR4
34.36426544189453,34.81162325323492,34.16341048789944,34.391653487362305,32043200,2024-07-26,PETR4
33.670406341552734,34.43730291545367,33.25043659955795,34.24557615994475,39790000,2024-07-29,PETR4
33.46042251586914,33.569978171944136,33.22304786454322,33.332603520618214,16040700,2024-07-30,PETR4
34.15428161621094,34.15428161621094,33.74344352886443,33.825611146333735,28561100,2024-07-31,PETR4
33.63388442993164,34.53772812974366,33.58823653215982,34.464688707139665,29756300,2024-08-01,PETR4
32.6204833984375,33.597362987816915,32.6204833984375,33.52432705168682,36483900,2024-08-02,PETR4
32.593101501464844,32.593101501464844,31.58883019936114,31.77142529817198,44765900,2024-08-05,PETR4
33.15913772583008,33.46954829799954,32.26442571962663,32.50179687118621,36009000,2024-08-06,PETR4
33.11349105834961,33.55171715014036,32.86698822870893,33.50606925192054,25020500,2024-08-07,PETR4
33.64301300048828,33.7343122797856,33.013063645538054,33.186527052135865,29870300,2024-08-08,PETR4
33.332603454589844,33.73431333058827,32.483542768301135,32.98567663058766,66082100,2024-08-09,PETR4
34.090370178222656,34.51946807679017,33.5973645265976,33.5973645265976,39655100,2024-08-12,PETR4
33.88039016723633,34.35513600680552,33.752574649412246,34.26383672070857,28557200,2024-08-13,PETR4
34.47381591796875,34.692930696868245,33.926034194786915,33.95342223613263,37955500,2024-08-14,PETR4
35.00334548950195,35.20420043748671,34.69293488021263,34.73858278219689,33409000,2024-08-15,PETR4
35.14942169189453,35.3959245476592,34.720323741188054,34.84813926283379,35472700,2024-08-16,PETR4
35.09463882446289,35.41418108129536,35.05812259507151,35.24071419016271,28138200,2024-08-19,PETR4
34.95769119262695,35.31374963876594,34.59250107813458,35.14941443551548,27322600,2024-08-20,PETR4
34.747711181640625,35.41418023947304,34.63815204793649,35.313752774933256,38491900,2024-08-21,PETR4
34.854000091552734,35.02301223685448,34.60987342713255,35.00423271161782,26334300,2024-08-22,PETR4
34.63804244995117,35.23897295668373,34.63804244995117,35.08874033000059,29239000,2024-08-23,PETR4
37.154441833496094,37.19200088582638,35.40798530024993,35.54882995557432,102270300,2024-08-26,PETR4
36.656795501708984,36.96664871681924,36.57228942816469,36.85397514603626,35073100,2024-08-27,PETR4
37.18260955810547,37.42673981790961,36.41266688979098,36.562899518197995,43284500,2024-08-28,PETR4
36.92909240722656,37.398569786936065,36.88214180379309,37.22955764369439,25356600,2024-08-29,PETR4
36.96664810180664,37.22955787169723,36.50656227269742,36.82580703612814,84437200,2024-08-30,PETR4
36.61923599243164,36.9948193327776,36.51595039474509,36.929092785491285,15288400,2024-09-02,PETR4
36.17792510986328,36.450222845034176,36.03708404747798,36.42205534892274,35866300,2024-09-03,PETR4
36.187320709228516,36.544120972627624,36.16854118244512,36.37511239523401,28851300,2024-09-04,PETR4
35.96196746826172,36.51595093343903,35.96196746826172,36.29060379136962,26206600,2024-09-05,PETR4
35.25775146484375,36.10281220418193,35.182636944584935,36.02769410209487,32971700,2024-09-06,PETR4
35.642723083496094,35.91502083311141,35.31409033866952,35.53004951124531,30521800,2024-09-09,PETR4
35.05118179321289,35.60516164540595,34.7413250130086,35.60516164540595,37263500,2024-09-10,PETR4
35.01362609863281,35.52066256108892,34.6192632116686,35.45493242840456,32907000,2024-09-11,PETR4
34.6192626953125,35.04179307439043,34.506589121501165,35.01362557639467,22103300,2024-09-12,PETR4
34.45964050292969,35.2577506183886,34.356354905953744,34.844611812313,34729600,2024-09-13,PETR4
34.938507080078125,35.41737603159548,34.89156005666991,34.96667815958568,22614800,2024-09-16,PETR4
34.77888870239258,34.91972978160035,34.45964390829502,34.90095025467361,23443700,2024-09-17,PETR4
33.943214416503906,34.67559794880699,33.943214416503906,34.65681842466743,38777000,2024-09-18,PETR4
34.05588912963867,34.53475447497171,33.98077103054354,34.33757483758917,25059700,2024-09-19,PETR4
34.0464973449707,34.17795401749384,33.86809723357428,34.055888898207826,48336200,2024-09-20,PETR4
34.39391326904297,34.703766471953,34.00894196734984,34.16856255452178,28218500,2024-09-23,PETR4
34.53475570678711,35.032404176472596,34.47842071228447,34.95728607469809,35104100,2024-09-24,PETR4
34.78827667236328,35.14508052028787,34.70377059211347,34.83522369876239,38655300,2024-09-25,PETR4
34.037113189697266,34.66621121764986,33.774206978830925,34.66621121764986,58048200,2024-09-26,PETR4
33.90565872192383,34.15917695014213,33.736646569778294,34.15917695014213,34537400,2024-09-27,PETR4
33.81175994873047,34.065278168377084,33.72725387551493,33.95260459803244,21146300,2024-09-30,PETR4
34.713157653808594,35.229582041018666,33.642749830398756,33.811758387196264,49748200,2024-10-01,PETR4
35.1920280456543,35.614558452894165,35.0699629098231,35.44554628999822,32014500,2024-10-02,PETR4
35.62394332885742,35.717840956653156,34.93850676417575,35.15446593536354,31033000,2024-10-03,PETR4
35.53004837036133,35.86807265808786,35.370424198122386,35.82112563630988,22526800,2024-10-04,PETR4
36.02769470214844,36.037086255979865,35.586388381435725,35.71784148044922,36418000,2024-10-07,PETR4
35.3046989440918,35.445543596411504,35.163857873600385,35.1826373993649,34142000,2024-10-08,PETR4
34.94789505004883,35.229580743440344,34.75071184102964,35.08873610583063,30789800,2024-10-09,PETR4
35.351646423339844,35.436152490893306,35.04178964836784,35.11690774478335,20630100,2024-10-10,PETR4
35.32347869873047,35.35164977847392,35.0417929740942,35.30469917284427,16343000,2024-10-11,PETR4
35.407981872558594,35.58638556294279,35.06995759796542,35.18263474404849,22279000,2024-10-14,PETR4
35.11690902709961,35.126296998580365,34.79766426933223,34.93850533251224,28204600,2024-10-15,PETR4
34.938507080078125,35.28592293332116,34.91972755434918,35.257751853813595,23041200,2024-10-16,PETR4
34.675601959228516,34.93850816393298,34.450251225318695,34.93850816393298,22174300,2024-10-17,PETR4
34.58170700073242,34.807054146891986,34.187344122210725,34.72254807162507,32000800,2024-10-18,PETR4
34.037113189697266,34.788276350621445,33.99016616373235,34.74132932465652,28390000,2024-10-21,PETR4
33.90565872192383,34.084058846153745,33.792985147769585,33.9901647979966,29144300,2024-10-22,PETR4
33.48312759399414,33.74603378842701,33.39862151980811,33.71786629097442,30769100,2024-10-23,PETR4
33.70847702026367,33.830538559073865,33.38923226139832,33.66152641721408,23058900,2024-10-24,PETR4
33.943214416503906,34.262459163220534,33.661525136238424,33.76481072809204,32585900,2024-10-25,PETR4
33.886878967285156,33.924438019025935,33.18266286537302,33.32350751848678,27507100,2024-10-28,PETR4
33.81175994873047,34.19673126408387,33.614580305170286,34.112228772696554,26090200,2024-10-29,PETR4
33.66152572631836,34.149782617022126,33.66152572631836,33.91504393390463,26144700,2024-10-30,PETR4
33.717864990234375,33.849318082379725,33.45495880594368,33.680305940527674,25597000,2024-10-31,PETR4
33.25777816772461,34.14978596745144,33.14510459168568,33.99016536654866,30605300,2024-11-01,PETR4
33.3328971862793,33.755427585287975,33.22022360715315,33.70848055913778,24003600,2024-11-04,PETR4
33.229610443115234,33.426790095299076,32.89158613546958,33.33289604621012,23990600,2024-11-05,PETR4
33.23899841308594,33.29533340373357,32.900974141888156,32.91036211305343,28440800,2024-11-06,PETR4
33.342281341552734,33.6990851467364,33.11693420909953,33.323505398705045,34081200,2024-11-07,PETR4
33.97138595581055,34.10283905860791,33.37045543912064,33.66152914336383,49865100,2024-11-08,PETR4
34.037113189697266,34.19673379434369,33.70848042611434,33.79298650558259,21446300,2024-11-11,PETR4
34.675601959228516,34.844614114203786,34.12161846943812,34.14039799574964,39412300,2024-11-12,PETR4
34.62865447998047,34.8070546048564,34.300018146583724,34.694381030294146,34090000,2024-11-13,PETR4
34.99484634399414,35.051184922286545,34.609875013566935,34.66621001003098,30262100,2024-11-14,PETR4
35.868072509765625,35.96196655293332,34.92911775077609,34.92911775077609,39004100,2024-11-18,PETR4
35.49249267578125,35.9619701016033,35.351651597131735,35.774178414908775,26002700,2024-11-19,PETR4
35.59577560424805,35.80234680225199,35.257751309997325,35.65211418056591,36048400,2024-11-21,PETR4
37.01359558105469,37.398570478086086,36.121591408584344,36.3469385491857,85234900,2024-11-22,PETR4
36.78824996948242,37.42673953077082,36.760082471193584,36.97604164900754,41119500,2024-11-25,PETR4
36.741302490234375,37.09810273690404,36.67557594048847,36.95726166537496,35188200,2024-11-26,PETR4
36.60984802246094,36.957260284108905,36.38449730187717,36.80702766432912,30600700,2024-11-27,PETR4
36.2342643737793,36.90092139451523,36.03708473358892,36.440835567404356,33113500,2024-11-28,PETR4
36.52534103393555,36.82580626595961,36.06525163262038,36.14975770299141,44011700,2024-11-29,PETR4
36.76007843017578,36.99481710832038,36.403274636484156,36.52533975203118,31711800,2024-12-02,PETR4
37.088714599609375,37.088714599609375,36.69435530289112,36.994820552341686,22536200,2024-12-03,PETR4
36.85397720336914,37.426740224717875,36.60045896858388,37.08871591167086,31584400,2024-12-04,PETR4
37.22016525268555,37.37978942074528,36.81641442867501,36.98542656811328,25214200,2024-12-05,PETR4
36.647403717041016,37.276505278755444,36.581677169346285,37.22016670280501,31118500,2024-12-06,PETR4
37.59575271606445,37.71781426655194,36.95726313725121,36.97604266390201,28548700,2024-12-09,PETR4
37.73659133911133,37.961942062437394,37.66147681922146,37.8398769380596,21837600,2024-12-10,PETR4
38.11217498779297,38.27179558247373,37.511244496571805,37.8868242626709,46900900,2024-12-11,PETR4
37.430484771728516,37.96743672752728,37.215702499727556,37.80147131676555,38310600,2024-12-12,PETR4
37.19617462158203,37.811230544938944,37.02044435776577,37.6843134156931,23235400,2024-12-13,PETR4
37.03997039794922,37.35237892859418,36.93258299145532,37.28403979527831,21349400,2024-12-16,PETR4
37.39142990112305,37.57692502149917,36.93258197917916,37.0399693827297,39617200,2024-12-17,PETR4
36.42491912841797,37.48906187691969,36.42491912841797,37.37190588178302,58126400,2024-12-18,PETR4
36.27847671508789,37.030210939853546,36.10274644310612,36.766615531880895,43268400,2024-12-19,PETR4
35.975826263427734,36.46396503891089,35.839148002164976,36.27847364494048,59277400,2024-12-20,PETR4
35.985591888427734,36.171083286335936,35.84891362426344,36.12227015259203,43785600,2024-12-23,PETR4
34.921451568603516,35.1459949785062,34.755482433508014,34.784773295115244,22920700,2024-12-26,PETR4
34.81406021118164,35.14599475505867,34.76524707441811,35.14599475505867,24167200,2024-12-27,PETR4
35.331485748291016,35.50721601793277,34.92145093526265,34.93121207281894,22355600,2024-12-30,PETR4
35.897727966308594,36.21013650182919,35.33148516805032,35.55602857019303,30046800,2025-01-02,PETR4
35.5169792175293,36.16132226799317,35.45840122232225,36.00511800497779,23314200,2025-01-03,PETR4
35.351009368896484,35.81962214834112,35.2045699701844,35.73175701943254,23760200,2025-01-06,PETR4
36.102745056152344,36.3663404539985,35.43887599288133,35.68294539190145,37753300,2025-01-07,PETR4
35.80986404418945,36.239424864009166,35.56579463479569,36.112511452551026,24483500,2025-01-08,PETR4
35.966068267822266,36.09298540330968,35.82938999462211,35.82938999462211,11526600,2025-01-09,PETR4
36.06369400024414,36.62993680837499,36.02464572577588,36.366341403645485,40328800,2025-01-10,PETR4
36.190608978271484,36.63969576363871,36.092982711610205,36.4151523709551,22897100,2025-01-13,PETR4
35.94654083251953,36.24918822837785,35.71223629473536,36.229662229528586,29173100,2025-01-14,PETR4
36.405391693115234,36.43467882864232,35.92701404235364,36.05393116997666,32512700,2025-01-15,PETR4
36.171085357666016,36.35658049039994,35.89772881368372,36.32728962911355,26733200,2025-01-16,PETR4
36.317527770996094,36.512784037482795,35.97582837359349,36.13203264194214,39941100,2025-01-17,PETR4
36.405391693115234,36.542069957846145,36.22966143154595,36.337052560749775,13912800,2025-01-20,PETR4
36.41515350341797,36.46396663826663,35.848914435607256,36.21989723981986,23612200,2025-01-21,PETR4
36.21013641357422,36.737327212556615,36.15155841673056,36.47373181306541,21832200,2025-01-22,PETR4
35.95630645751953,36.52254553935733,35.8293893244062,36.23942413633665,26725700,2025-01-23,PETR4
35.770809173583984,36.024643424532464,35.53650464492744,36.00511742644387,16216500,2025-01-24,PETR4
36.29800033569336,36.41515260126851,35.604844155085615,35.70247042236434,29809700,2025-01-27,PETR4
36.24918746948242,36.600647993004145,36.0051180752816,36.512782862123714,27621700,2025-01-28,PETR4
36.02464294433594,36.44444258713674,35.88796095953765,36.31752546335426,18204400,2025-01-29,PETR4
36.50301742553711,36.620169690130304,35.927013515332504,36.16132176872223,30916000,2025-01-30,PETR4
36.795902252197266,37.45977133344953,36.366341439000216,36.50301971028093,37044800,2025-01-31,PETR4
36.610408782958984,36.91305616961132,36.493256517630456,36.86423931187135,24877600,2025-02-03,PETR4
36.24918746948242,36.463966003920824,35.94654007996018,36.41515286992134,34290300,2025-02-04,PETR4
35.985591888427734,36.190609284674174,35.878200759669106,36.171083286335936,20539800,2025-02-05,PETR4
35.91725158691406,36.23942123849702,35.82938645935448,35.96606471906866,17512400,2025-02-06,PETR4
35.71223449707031,36.15155641435212,35.50721338157507,35.98559101879291,21438700,2025-02-07,PETR4
35.95630645751953,36.151559001751046,35.84891532367006,35.93678045825567,17483300,2025-02-10,PETR4
35.95630645751953,36.210136999542634,35.80986332514234,36.132033002487184,16624300,2025-02-11,PETR4
35.419349670410156,35.87820132812033,35.25338426821065,35.78057505908574,37364500,2025-02-12,PETR4
35.45840072631836,35.468165587484634,35.16551820278688,35.34124846174644,15351300,2025-02-13,PETR4
36.55183029174805,36.688512277678846,35.53650446568531,35.575552737462225,40322000,2025-02-14,PETR4
36.77637481689453,37.02044421299562,36.5811222793764,36.747087681107494,22615200,2025-02-17,PETR4
37.450008392333984,37.528108661788806,36.81542647857286,36.82519133988183,44062600,2025-02-18,PETR4
37.52811050415039,37.74289277305136,36.971632556728395,37.20594082500251,32648200,2025-02-19,PETR4
37.58668899536133,37.655028131962055,37.401197585188434,37.508584996844135,26641200,2025-02-20,PETR4
37.47929763793945,37.61597591033293,37.2645153674905,37.61597591033293,30115200,2025-02-21,PETR4
37.215702056884766,37.59644973511681,36.903293514530084,37.5866885975073,27830300,2025-02-24,PETR4
37.04973602294922,37.528109966019045,36.93258375259385,37.2157014289357,31960900,2025-02-25,PETR4
37.04973602294922,37.342618560939414,36.854479756221245,37.342618560939414,27420200,2025-02-26,PETR4
35.74152374267578,35.86844087420131,34.63832900539217,35.49745434123626,129693500,2025-02-27,PETR4
35.07765579223633,35.68294688434565,34.96050351858373,35.62437260962116,55476800,2025-02-28,PETR4
33.798728942871094,34.277106598070795,33.730389809871625,34.18924146647099,48552000,2025-03-05,PETR4
33.447269439697266,34.28686878417982,33.22272603522925,33.98422510712463,47749600,2025-03-06,PETR4
33.808494567871094,34.10137710508434,33.41798203545109,33.476560032575144,28074700,2025-03-07,PETR4
33.798728942871094,33.798728942871094,33.193437883074346,33.75968066987385,35037200,2025-03-10,PETR4
33.29106521606445,34.07209028823072,33.10557380973692,33.925647156148656,28805400,2025-03-11,PETR4
33.29106521606445,33.58395148022858,33.15438694569642,33.34964321373799,20149100,2025-03-12,PETR4
33.62299728393555,33.720627272884485,33.23248850074963,33.369166761074865,19263600,2025-03-13,PETR4
34.65785598754883,34.91168653359678,33.55466121897096,33.77920462776051,41529400,2025-03-14,PETR4
35.30219650268555,35.546265893252844,34.755479727101594,34.765244588278165,31175900,2025-03-17,PETR4
35.331485748291016,35.54626801656506,35.0581292062721,35.331485748291016,15086400,2025-03-18,PETR4
35.30219650268555,35.46816562485705,35.17527937681361,35.40958763040769,21180500,2025-03-19,PETR4
35.38030242919922,35.614606971397215,34.91168589639612,35.302198432330854,46921900,2025-03-20,PETR4
35.9270133972168,36.151556788700255,35.32172235390472,35.360774350041844,61175700,2025-03-21,PETR4
35.87820053100586,36.06369192773187,35.63413113963848,35.82938739757306,20348000,2025-03-24,PETR4
36.16132354736328,36.62993635298872,35.76104987646217,35.975828418079956,28036100,2025-03-25,PETR4
36.50301742553711,36.73732567892684,36.26871289635072,36.26871289635072,26870300,2025-03-26,PETR4
36.77637481689453,37.06926107157858,36.503018285006405,36.5420702821914,28444400,2025-03-27,PETR4
36.54207229614258,36.98139797817788,36.21013775018298,36.75685456829398,22057700,2025-03-28,PETR4
36.27847671508789,36.74708953230474,36.200376440986894,36.46396812475593,26049400,2025-03-31,PETR4
36.41515350341797,37.06926142784113,36.31752723372065,36.41515350341797,19075600,2025-04-01,PETR4
36.317527770996094,36.41515404213768,35.956306098727985,36.38586690563591,16959200,2025-04-02,PETR4
35.145992279052734,35.43887480320417,34.76524462523553,35.29243540323013,65896000,2025-04-03,PETR4
33.73038864135742,34.179475420997285,33.00794533918952,33.91588375953285,87263200,2025-04-04,PETR4
32.39289093017578,33.73039019379327,32.324551796398474,33.11533426559402,85724900,2025-04-07,PETR4
31.240882873535156,33.13486005702998,31.12372874343464,32.9005555210324,62128500,2025-04-08,PETR4
32.51004409790039,32.78340436477226,30.303658308784353,30.56725185177138,106391600,2025-04-09,PETR4
30.48914909362793,32.236686896740416,30.45986195728416,32.217160897776736,71250600,2025-04-10,PETR4
31.09444236755371,31.53376617644053,30.0498256188717,30.752744830351673,65329400,2025-04-11,PETR4
30.97728729248047,32.10000800372795,30.69416776142191,31.82664774775787,56015200,2025-04-14,PETR4
30.264604568481445,31.113966870857116,30.245078570242537,30.977286745286445,58276900,2025-04-15,PETR4
30.264604568481445,30.72345435448569,30.118163305893003,30.547725956640562,73227700,2025-04-16,PETR4
30.850000381469727,31.18000030517578,30.459999084472656,30.670000076293945,65752700,2025-04-17,PETR4
30.920000076293945,31.25,30.329999923706055,30.799999237060547,41683900,2025-04-22,PETR4
30.56999969482422,31.780000686645508,30.5,31.350000381469727,71566500,2025-04-23,PETR4
30.43000030517578,30.84000015258789,30.059999465942383,30.809999465942383,61589200,2025-04-24,PETR4
30.520000457763672,30.729999542236328,30.200000762939453,30.34000015258789,35581500,2025-04-25,PETR4
30.399999618530273,30.780000686645508,30.25,30.559999465942383,27362000,2025-04-28,PETR4
30.559999465942383,30.809999465942383,30.149999618530273,30.299999237060547,33041100,2025-04-29,PETR4
29.989999771118164,30.579999923706055,29.959999084472656,30.40999984741211,52798300,2025-04-30,PETR4
30.809999465942383,30.809999465942383,29.969999313354492,30.200000762939453,33146600,2025-05-02,PETR4
29.65999984741211,0.0,0.0,0.0,0,2025-05-05,PETR4
38.02037048339844,38.30579106087214,37.79400062667961,38.00068565831465,2810000,2024-05-06,WEG
38.28611373901367,38.59121917144511,37.89242470778341,37.99084508834255,4895900,2024-05-07,WEG
38.473114013671875,38.473114013671875,37.95147923793894,38.08926927269882,3759000,2024-05-08,WEG
38.28611373901367,38.31563910228204,37.66605482889992,38.05974010563332,4949800,2024-05-09,WEG
38.35500717163086,38.49279720051947,38.10895247590214,38.24674250479075,3462100,2024-05-10,WEG
38.46327209472656,38.69948250168169,37.89242339467434,38.473112630642724,11032700,2024-05-13,WEG
38.98491287231445,39.16207258213869,38.3746981798628,38.39437925473455,9947400,2024-05-14,WEG
38.99474334716797,39.33922214048792,38.75853296468787,39.024272460850234,3768600,2024-05-15,WEG
38.97506332397461,39.1719078366203,38.48295391960878,39.0931722842601,3271800,2024-05-16,WEG
39.014434814453125,39.014434814453125,38.3057960373601,38.689644544616804,6701800,2024-05-17,WEG
39.22111511230469,39.22111511230469,38.650270197988426,38.827429870758145,8148200,2024-05-20,WEG
39.13253402709961,39.2900088695921,38.876638815985466,39.09316813234879,6672800,2024-05-21,WEG
38.66011047363281,39.12269447770112,38.59121546296262,38.9750601665527,7065600,2024-05-22,WEG
38.414058685302734,38.56169300757316,38.18768881111904,38.38453332264736,5413400,2024-05-23,WEG
37.734947204589844,38.27626676876422,37.4692076902868,38.27626676876422,9008900,2024-05-24,WEG
37.74478530883789,37.80383978193345,37.52825974981353,37.73494477390347,1905700,2024-05-27,WEG
37.62668228149414,37.853052142970455,37.4101529555183,37.803841956475004,4937400,2024-05-28,WEG
37.13457489013672,37.36094476369877,36.90820501657468,37.301894038550174,7136500,2024-05-29,WEG
36.95741271972656,37.23299651837075,36.77041251184014,36.96725700958699,21946000,2024-05-31,WEG
36.75072479248047,37.25267465543447,36.73103996880632,37.1345694678858,5074200,2024-06-03,WEG
37.20347213745117,37.44952685232121,36.593257495832624,36.71136270771109,4322600,2024-06-04,WEG
36.947574615478516,37.15425966218895,36.209410516229724,36.50467540502989,8883900,2024-06-05,WEG
37.213314056396484,37.52826377099387,36.74088948450041,36.77041484696368,5135800,2024-06-06,WEG
37.252681732177734,37.390475524072905,36.809786256111096,36.83931161998302,6847500,2024-06-07,WEG
37.213314056396484,37.66605380181813,37.183784939436464,37.24283941885975,4491300,2024-06-10,WEG
37.20347213745117,37.498737044395824,37.12473658103119,37.31173681271351,5918200,2024-06-11,WEG
37.469207763671875,37.567628137533944,36.51451436832409,37.21331253893254,12710400,2024-06-12,WEG
37.813682556152344,37.86289649722789,37.37078712244508,37.54794679772662,5056600,2024-06-13,WEG
38.15816116333008,38.67979589631932,37.63652643034084,37.63652643034084,11832200,2024-06-14,WEG
38.15816116333008,38.6502705354321,37.79400127923362,37.99084202447719,6603100,2024-06-17,WEG
38.246742248535156,38.463271580764605,37.81368358407625,38.15816240848644,4188300,2024-06-18,WEG
39.1817512512207,39.19159178710942,38.40421750862716,38.67979756747177,7729100,2024-06-19,WEG
40.13644027709961,40.13644027709961,39.24080134573288,39.24080134573288,10168600,2024-06-20,WEG
40.43170928955078,40.756499534652605,39.83133523295718,40.07738992798756,12574100,2024-06-21,WEG
40.22502136230469,40.63839521123456,39.98881095248485,40.156126346565834,8649700,2024-06-24,WEG
40.91397476196289,41.06160908212454,40.05770546671678,40.205336032381716,7233100,2024-06-25,WEG
41.28798294067383,41.474983177041935,40.480923756036816,40.63839862731972,9408900,2024-06-26,WEG
41.04192352294922,41.671822935997426,40.726973816425115,41.33718840350348,8056700,2024-06-27,WEG
41.524192810058594,41.524192810058594,40.69744880835444,41.04192766585444,11180100,2024-06-28,WEG
41.369205474853516,41.85218907549544,41.18192289656801,41.25092055380257,3981200,2024-07-01,WEG
41.428348541259766,41.78319582162793,41.349495679006125,41.418493343512075,5461800,2024-07-02,WEG
41.507198333740234,41.970471513556554,41.398772375903214,41.71419129319813,4894700,2024-07-03,WEG
41.290348052978516,41.70433774837653,41.16220793772553,41.69447879177002,3864100,2024-07-04,WEG
41.586055755615234,41.8226218496431,41.36920757618774,41.41849108241715,3948100,2024-07-05,WEG
43.83342361450195,43.83342361450195,41.57620352337284,41.58605872128533,11694400,2024-07-08,WEG
43.91227722167969,43.96156073225826,43.41943459571226,43.45886290821146,5605400,2024-07-09,WEG
43.419429779052734,44.198121944120196,43.29128965769077,43.91227235034752,4993800,2024-07-10,WEG
44.31640625,44.31640625,43.27158233124525,43.27158233124525,5502300,2024-07-11,WEG
45.223236083984375,45.79493152015129,44.30654858659959,44.316403783735886,8072900,2024-07-12,WEG
45.844215393066406,45.96250032019183,45.114810476245474,45.233091643280396,4646400,2024-07-15,WEG
46.011783599853516,46.53419553176798,45.72593400084389,45.90335763056777,8663600,2024-07-16,WEG
46.37648391723633,46.68204765657487,45.88364135964595,46.20891925249895,5579100,2024-07-17,WEG
46.72147750854492,46.72147750854492,45.883642876882384,46.307487791232624,7334900,2024-07-18,WEG
46.6130485534668,47.234027449504,46.45533909033335,47.01717928775189,4210800,2024-07-19,WEG
46.49476623535156,46.78061582828961,46.27791806147649,46.613051159382046,3704000,2024-07-22,WEG
46.37648391723633,46.69190285328694,46.13006263844114,46.13006263844114,4935300,2024-07-23,WEG
45.98221969604492,46.46520337633364,45.74565357502223,46.27792452725509,3907100,2024-07-24,WEG
45.292236328125,45.824507246022236,45.01624191138716,45.67665295990944,5990900,2024-07-25,WEG
46.24834442138672,46.28777272894586,45.29223240366498,45.39079941247246,5986900,2024-07-26,WEG
45.81464767456055,46.34691858532818,45.735794813756435,46.061068974720676,3952200,2024-07-29,WEG
45.203521728515625,45.84421482205764,45.05566745149568,45.79493131641448,7409900,2024-07-30,WEG
49.93480682373047,50.15165874812614,46.46519483385103,46.54405144639136,21911100,2024-07-31,WEG
52.0836067199707,52.17231853939896,49.313829922347075,49.8756701920291,13624400,2024-08-01,WEG
49.106834411621094,52.08360404853114,48.95898013346077,51.89632522160648,15383100,2024-08-02,WEG
48.342567443847656,48.906530774707186,47.066227790092235,47.49167434134404,10892300,2024-08-05,WEG
48.45140838623047,48.78780793358135,47.80829038343334,48.78780793358135,5361900,2024-08-06,WEG
47.80828094482422,48.61959667397199,47.65986796600255,48.59980802517585,4746100,2024-08-07,WEG
49.16377258300781,49.618903968544984,47.739023801362436,47.78849353748852,6144900,2024-08-08,WEG
49.173675537109375,49.5694372546806,48.17436936857065,49.24293393204182,7694400,2024-08-09,WEG
50.04435348510742,50.232340003345776,49.262718774965215,49.53975233327419,8193400,2024-08-12,WEG
50.58852767944336,51.73624297698033,50.281809261180356,50.44011468931307,10203100,2024-08-13,WEG
50.99418258666992,51.26132368867051,50.360960911245826,50.61820580152477,7557200,2024-08-14,WEG
52.141902923583984,52.517879745551255,51.33058710070148,51.41963414342269,6993700,2024-08-15,WEG
52.686073303222656,53.408342024228894,51.845076459745265,52.41893219693833,10598700,2024-08-16,WEG
51.241539001464844,53.428133947947174,51.241539001464844,53.10162687326833,11183700,2024-08-19,WEG
52.54756164550781,52.85427630626771,51.37016142088963,51.72634959726826,6174500,2024-08-20,WEG
52.86417007446289,53.0323679420306,52.11221645370368,52.488193264083286,4524500,2024-08-21,WEG
53.62601852416992,54.1998743162612,52.88396108271267,52.88396108271267,6979500,2024-08-22,WEG
53.240142822265625,54.17018667771069,53.20056552434059,53.92283422712754,4682400,2024-08-23,WEG
53.507286071777344,53.626014196024165,52.597027054420984,53.24014496149773,4814100,2024-08-26,WEG
53.42813491821289,53.74474578615465,52.834490484396895,53.50728952234796,3857600,2024-08-27,WEG
53.42813491821289,53.99209826262786,53.121416488638374,53.43802735658014,3555600,2024-08-28,WEG
52.97300338745117,53.44791965457969,52.78501310354891,53.18077854663884,6435200,2024-08-29,WEG
53.576541900634766,53.576541900634766,52.399141829216674,52.666282926740976,17140300,2024-08-30,WEG
51.79560470581055,54.01188445480754,51.61751062891351,53.91294497844212,5049200,2024-09-02,WEG
52.2408447265625,52.5475631705232,51.64720026490247,51.82529435826037,4760400,2024-09-03,WEG
52.824588775634766,53.0422601400595,51.973695741209596,52.369461172109304,4687100,2024-09-04,WEG
53.418243408203125,53.52707532933135,52.30020913831008,52.458514575032154,3816500,2024-09-05,WEG
52.31999588012695,53.33908685593712,52.161690449182665,53.2203587263037,4776400,2024-09-06,WEG
51.89455032348633,52.46840610631884,51.51857350241031,52.29031202129858,4805900,2024-09-09,WEG
52.329891204833984,52.329891204833984,51.39984721852223,51.795608930563674,5643900,2024-09-10,WEG
52.93342971801758,53.24014814615943,52.05285550977395,52.05285550977395,6069800,2024-09-11,WEG
52.745445251464844,53.705170326583264,52.082538629138284,52.78501878059079,6480500,2024-09-12,WEG
53.05215835571289,53.57654817491514,52.41893661674343,52.69597018396775,2955000,2024-09-13,WEG
52.438720703125,53.348975930081785,52.09242877423904,53.0521537375654,2720400,2024-09-16,WEG
52.755332946777344,52.91363837194558,52.201262071538984,52.43872209644087,4258700,2024-09-17,WEG
53.03236389160156,53.695270421753484,52.38924978470964,52.636602235275504,6973800,2024-09-18,WEG
52.69596481323242,52.93342482829385,52.260625855635176,52.73554211145914,4842400,2024-09-19,WEG
51.96380615234375,53.00268574752962,51.96380615234375,52.44861486875759,11824400,2024-09-20,WEG
53.7447395324707,53.7447395324707,51.83517833434822,51.8549669830794,4877100,2024-09-23,WEG
54.80341339111328,55.18928264564842,53.89315810085596,53.922839189881984,8896000,2024-09-24,WEG
55.09033966064453,55.268433732067,54.467010410665864,54.96171532588408,6674000,2024-09-25,WEG
55.456424713134766,55.5454717560268,54.625320237575544,55.209072235579036,5616900,2024-09-26,WEG
55.4366340637207,55.496000014941885,54.922140476034535,55.3574832363916,6450600,2024-09-27,WEG
53.881378173828125,55.71408039969432,53.881378173828125,55.109784133074506,6435400,2024-09-30,WEG
55.357444763183594,55.6942654379616,54.287542462468345,54.48567293804796,8044000,2024-10-01,WEG
54.8323974609375,55.84285946730206,54.6243621658395,55.605105924054186,5130300,2024-10-02,WEG
54.089412689208984,54.485673645513444,53.445493358994916,54.247916315925856,4470600,2024-10-03,WEG
53.99034881591797,54.465859691455954,53.75259148863672,53.85165861626412,4819200,2024-10-04,WEG
52.900638580322266,54.19838587260817,52.86101172798653,54.1389493731292,5409300,2024-10-07,WEG
53.8021240234375,54.059690983247854,53.50492643570145,53.64362040685628,6798000,2024-10-08,WEG
53.495025634765625,53.80212806830295,52.791666019496645,53.415771931004535,5806100,2024-10-09,WEG
53.67333984375,53.67333984375,53.01951193848162,53.197828983466124,3762500,2024-10-10,WEG
53.66343307495117,53.871472153889364,53.1284857007481,53.68324650051788,3283900,2024-10-11,WEG
54.525299072265625,54.525299072265625,53.19782981606283,53.66343208167669,5422800,2024-10-14,WEG
56.00136184692383,56.00136184692383,54.36679399152313,54.8819316958327,8123800,2024-10-15,WEG
56.655189514160156,56.68491154055413,55.48622391664607,55.48622391664607,10016400,2024-10-16,WEG
55.69426345825195,56.55612665050931,55.47631956495896,56.36790478386269,5134400,2024-10-17,WEG
54.703617095947266,56.149963150128116,54.426232917223544,56.01127295027852,5431900,2024-10-18,WEG
54.525299072265625,55.03052818827944,54.23801007540265,55.01071476307946,5297800,2024-10-21,WEG
55.426788330078125,55.426788330078125,54.08941049116628,54.28754096126704,4733100,2024-10-22,WEG
55.6744499206543,56.0211754056228,54.60454766013831,54.9314634994152,4913300,2024-10-23,WEG
55.74379348754883,56.07070553882803,54.980993662531695,55.723980063376715,3520800,2024-10-24,WEG
54.95127487182617,55.753697758220135,54.911648023874214,55.6249161709126,3796300,2024-10-25,WEG
55.73388671875,55.922112365062695,55.33762955934969,55.67445022330336,2063700,2024-10-28,WEG
56.407527923583984,56.476873020803346,55.51594648261031,55.59519640270771,4877100,2024-10-29,WEG
53.495025634765625,54.86212179244763,52.95016964799422,54.75314983928843,20716600,2024-10-30,WEG
53.6039924621582,54.13894357431821,52.752034123316164,53.39595717821516,9694500,2024-10-31,WEG
54.1884765625,55.03052632028133,54.119131466166216,54.43613870055619,6364400,2024-11-01,WEG
55.6645393371582,55.6645393371582,53.712964309915044,54.70361283630064,6547400,2024-11-04,WEG
55.48622131347656,55.79332371164418,54.40641428775553,55.357439728233764,5779800,2024-11-05,WEG
55.56547927856445,56.08061699619874,54.65408061535779,55.09987323437059,5170500,2024-11-06,WEG
55.24846649169922,55.66453704169184,54.34697652102449,55.33762500655822,4521400,2024-11-07,WEG
54.574825286865234,55.18902629053077,54.38660343482917,54.495571593992736,7160900,2024-11-08,WEG
54.971092224121094,54.971092224121094,54.0398801258253,54.148852075968385,3348100,2024-11-11,WEG
54.90174102783203,54.95127647873262,54.48567044924222,54.58473379299475,3988000,2024-11-12,WEG
54.1884765625,55.03052632028133,54.00025091900173,54.64417398955756,9208500,2024-11-13,WEG
53.84174728393555,54.277635065345336,53.39595845880182,54.13894487272379,6074900,2024-11-14,WEG
53.495025634765625,53.80212806830295,53.088859850551536,53.415771931004535,3437300,2024-11-18,WEG
53.62380599975586,54.00024972034777,53.03932321575615,53.48511581016682,4176900,2024-11-19,WEG
53.22754669189453,53.445490584450205,52.662877314840614,53.23745529375125,6608700,2024-11-21,WEG
53.50492477416992,53.74268208117063,53.128481058369736,53.44548828168789,5034900,2024-11-22,WEG
51.66231918334961,53.70305261144317,51.59297409282355,53.51483076273303,12443900,2024-11-25,WEG
52.28642654418945,52.59352893918868,51.54344017027684,51.67222553321511,8886200,2024-11-26,WEG
51.62269592285156,52.76193947420382,51.41466063682519,52.43502742173727,6111900,2024-11-27,WEG
52.41521453857422,53.088855853729655,51.04811848381474,51.42456599028968,7146300,2024-11-28,WEG
53.43558120727539,53.782310465767154,51.79110477218456,52.256710798061704,8458300,2024-11-29,WEG
53.3464241027832,53.83184356594489,52.71240962120219,53.03932546396862,6197600,2024-12-02,WEG
54.089412689208984,54.426233368360414,52.99970072790853,53.34642623040653,6016400,2024-12-03,WEG
54.48566818237305,55.476316694779825,53.96062568008519,54.03987559598516,5505900,2024-12-04,WEG
54.416324615478516,55.17912444491501,54.10922220756794,54.65407814887279,5198100,2024-12-05,WEG
55.080055236816406,55.31781254022771,54.23800552115696,54.26772376694932,6487900,2024-12-06,WEG
55.22865676879883,55.44660065950609,54.90174093273794,55.08005797440309,4459000,2024-12-09,WEG
56.34809112548828,56.77407030841792,55.397065636259114,55.466414512130214,5662200,2024-12-10,WEG
58.002471923828125,59.270504639250916,56.199491862752424,56.466967425091035,10358000,2024-12-11,WEG
57.25948715209961,57.97275533878693,56.59575441761791,57.92322366560574,10479800,2024-12-12,WEG
57.12079620361328,57.97275457560206,57.100982778796755,57.259486398304595,6356600,2024-12-13,WEG
56.57594299316406,57.62602810622608,56.57594299316406,57.30902085182722,5966200,2024-12-16,WEG
57.35855484008789,57.94303765901747,56.79388544643001,57.17032918951895,9401900,2024-12-17,WEG
56.516502380371094,58.002475293679844,56.03108667827731,57.24958401370754,10121900,2024-12-18,WEG
55.9320182800293,58.111445925869425,55.91220485481877,56.97219853992304,9028800,2024-12-19,WEG
55.02062225341797,55.84285859796799,53.901188315898075,55.615009881308964,14233300,2024-12-20,WEG
53.81005859375,55.05015024494349,53.79021667319578,55.05015024494349,4062300,2024-12-23,WEG
54.22673034667969,54.46482962105401,53.67116789611265,53.81006134709909,3560800,2024-12-26,WEG
53.25449752807617,54.564034042335464,53.25449752807617,54.46482822149683,3720300,2024-12-27,WEG
52.35171127319336,53.5818801111754,52.31202743081729,53.26441694108588,4283000,2024-12-30,WEG
52.30210876464844,52.63941385851982,51.835833074292815,52.19298008950482,4029300,2025-01-02,WEG
52.044166564941406,52.689015750429114,51.84575113983293,52.183056227179506,5796000,2025-01-03,WEG
52.0540885925293,52.32194884451092,51.250507836584426,52.15329441128127,5551100,2025-01-06,WEG
53.095767974853516,53.22473857444416,52.024326903410504,52.38147392722484,7466200,2025-01-07,WEG
52.78822326660156,53.93902822784959,52.25250273693621,52.351712344907334,6627600,2025-01-08,WEG
53.85966110229492,54.01839268108866,52.778301039119036,52.778301039119036,4555800,2025-01-09,WEG
52.9271125793457,54.03823747443409,52.45091781764763,53.64140661412259,5768000,2025-01-10,WEG
52.82790756225586,53.4231500773425,52.27234510623794,52.96679723014543,4563200,2025-01-13,WEG
52.510440826416016,53.16520906244771,52.15329382776975,52.877506893042735,5413100,2025-01-14,WEG
53.73069381713867,53.82989964081517,52.30210952011531,53.165212296371536,4634000,2025-01-15,WEG
53.24457550048828,53.98863052168768,52.768380741055815,53.70093212301316,4442000,2025-01-16,WEG
53.7406120300293,53.7406120300293,52.94695409987568,53.28425919324841,4222700,2025-01-17,WEG
54.6930046081543,54.861655260382946,53.43307100497867,53.68108934140396,2471800,2025-01-20,WEG
55.18904113769531,55.516423373007655,54.20688686283935,54.47474711961824,3951600,2025-01-21,WEG
55.992618560791016,56.03230240309616,55.13943865798737,55.57594956996548,4930100,2025-01-22,WEG
56.79619598388672,56.81603790386773,55.90332850703754,55.99261525472246,4528400,2025-01-23,WEG
57.41128158569336,57.441046358527146,56.37952821596652,56.51841787432633,4763100,2025-01-24,WEG
52.887428283691406,56.280317108133865,52.3814687881073,56.14142745349015,22361900,2025-01-27,WEG
53.66124725341797,55.00054475216429,53.314023097286544,54.05807810424771,10279700,2025-01-28,WEG
53.99855041503906,55.28824495754031,53.323940263368996,53.373543171838406,7108300,2025-01-29,WEG
55.764442443847656,55.93309688232095,53.978711159575845,54.34577724172194,6202600,2025-01-30,WEG
54.60371780395508,55.96285722662997,54.26641271535772,55.76444180078573,7220600,2025-01-31,WEG
53.472755432128906,54.56403461055623,53.214814240127126,54.17712660701308,7771800,2025-02-03,WEG
53.63148880004883,54.177128407394854,53.47275720910345,53.571963034271946,5745400,2025-02-04,WEG
54.038238525390625,54.54419428689123,53.87950693507086,53.92910984745961,4234700,2025-02-05,WEG
54.09775924682617,54.24657176498699,53.26441747093657,54.028314414206996,5926400,2025-02-06,WEG
53.51243591308594,54.36561961197957,53.15529268084959,54.09775934945765,4872800,2025-02-07,WEG
53.780296325683594,54.00847274599614,53.37354639652479,53.77037725717416,3066100,2025-02-10,WEG
52.68901824951172,54.06799965350971,52.401316058681445,53.780297462679435,6808600,2025-02-11,WEG
52.282264709472656,52.66917269867465,51.190981787035376,52.083849288624116,8590300,2025-02-12,WEG
52.0540885925293,52.60964723267542,51.54812907729976,52.06400766062073,5410300,2025-02-13,WEG
53.3735466003418,53.80013845260805,52.272344553071214,52.3814732293895,7097900,2025-02-14,WEG
52.03424835205078,52.99655693528759,51.99456450948485,52.68901661655047,5452400,2025-02-17,WEG
52.47075653076172,53.37354308753253,52.2425801245954,52.28226396509197,8727000,2025-02-18,WEG
51.79615020751953,52.66917584065788,51.46876796037991,52.32195167180379,6153300,2025-02-19,WEG
51.68701934814453,51.935037682414816,51.41916287745693,51.78622895252831,6433300,2025-02-20,WEG
52.5302848815918,52.5302848815918,51.10169682895096,51.98464529346793,8664000,2025-02-21,WEG
51.141380310058594,52.82790575781016,51.01240971522655,52.46083967885995,9130900,2025-02-24,WEG
51.98464584350586,52.31202808606033,51.48860916097034,51.76638849216317,8806700,2025-02-25,WEG
47.47071075439453,49.772320743428224,47.34174393699311,49.46478041097594,25725700,2025-02-26,WEG
48.512386322021484,49.04810303267182,47.520313013059564,47.808011396469425,11326100,2025-02-27,WEG
48.036190032958984,48.41317896751078,47.520315218679066,48.353656988264376,7843900,2025-02-28,WEG
47.56963348388672,48.29840178515797,47.2701364270311,47.91904163920058,9387200,2025-03-05,WEG
47.20025634765625,47.819213397793426,46.201942947353785,47.57961650608494,7728600,2025-03-06,WEG
47.809226989746094,48.24848731268067,46.85084706231969,46.89078051136162,7584000,2025-03-07,WEG
47.59958267211914,47.639516121645514,46.96066271275057,47.200255793382105,5747800,2025-03-10,WEG
46.521400451660156,47.64949560019941,46.39162245848636,47.340017091622954,8850600,2025-03-11,WEG
47.120391845703125,47.40990363710951,46.46150517355329,46.65118334295922,6859100,2025-03-12,WEG
46.66116714477539,47.190271995849706,46.211925380531554,47.12039036677435,6531300,2025-03-13,WEG
46.66116714477539,46.71108205007734,45.96234704575867,46.62123369722857,8528600,2025-03-14,WEG
47.56963348388672,47.99890853656562,46.85084664065446,47.86912673247907,8931300,2025-03-17,WEG
47.56963348388672,47.86912673247907,46.76099828525043,47.539681493243194,5953500,2025-03-18,WEG
48.05880355834961,48.11870372969951,47.629528517666564,47.629528517666564,5319200,2025-03-19,WEG
47.819210052490234,48.17859965251594,47.70939497681719,48.168618194847085,4807700,2025-03-20,WEG
47.76929473876953,48.068791805832134,47.1203933127485,47.889095088899936,9662300,2025-03-21,WEG
47.36000061035156,47.7599983215332,47.0099983215332,47.70000076293945,4934900,2025-03-24,WEG
47.0,47.63999938964844,46.869998931884766,47.439998626708984,5214000,2025-03-25,WEG
46.75,47.11000061035156,46.150001525878906,47.0,6298500,2025-03-26,WEG
46.38999938964844,47.060001373291016,46.13999938964844,46.95000076293945,8070000,2025-03-27,WEG
45.849998474121094,46.45000076293945,45.599998474121094,46.38999938964844,3862500,2025-03-28,WEG
45.279998779296875,45.72999954223633,45.150001525878906,45.58000183105469,6231100,2025-03-31,WEG
45.349998474121094,45.63999938964844,44.779998779296875,45.61000061035156,5457000,2025-04-01,WEG
44.900001525878906,45.47999954223633,44.54999923706055,45.349998474121094,5444800,2025-04-02,WEG
44.27000045776367,45.220001220703125,44.060001373291016,44.439998626708984,8146000,2025-04-03,WEG
43.720001220703125,44.13999938964844,42.720001220703125,43.9900016784668,10632400,2025-04-04,WEG
44.0,44.06999969482422,42.650001525878906,43.150001525878906,9948200,2025-04-07,WEG
44.0,44.77000045776367,43.75,44.52000045776367,8394700,2025-04-08,WEG
45.40999984741211,46.08000183105469,43.65999984741211,43.77000045776367,11604000,2025-04-09,WEG
44.90999984741211,45.459999084472656,44.29999923706055,45.400001525878906,5364200,2025-04-10,WEG
45.119998931884766,45.349998474121094,44.7400016784668,45.099998474121094,3282900,2025-04-11,WEG
45.81999969482422,45.849998474121094,45.04999923706055,45.5,5625800,2025-04-14,WEG
45.81999969482422,46.33000183105469,45.5,45.849998474121094,4444900,2025-04-15,WEG
45.84000015258789,46.06999969482422,45.209999084472656,45.81999969482422,7962000,2025-04-16,WEG
45.95000076293945,46.18000030517578,45.47999954223633,45.72999954223633,3543500,2025-04-17,WEG
46.2400016784668,46.47999954223633,45.61000061035156,46.209999084472656,3871500,2025-04-22,WEG
46.27000045776367,47.119998931884766,46.2400016784668,46.5099983215332,8449700,2025-04-23,WEG
48.59000015258789,48.97999954223633,46.38999938964844,46.45000076293945,13221900,2025-04-24,WEG
49.88999938964844,50.290000915527344,48.58000183105469,48.880001068115234,10397400,2025-04-25,WEG
50.31999969482422,50.79999923706055,49.91999816894531,50.0099983215332,8104100,2025-04-28,WEG
50.470001220703125,50.86000061035156,50.119998931884766,50.29999923706055,5513900,2025-04-29,WEG
44.63999938964844,47.279998779296875,44.63999938964844,47.0,34414500,2025-04-30,WEG
44.41999816894531,45.220001220703125,44.41999816894531,44.95000076293945,18290500,2025-05-02,WEG
42.529998779296875,0.0,0.0,0.0,0,2025-05-05,WEG
